[
  {
    "name": "Application Start",
    "start": 1537456216704,
    "end": 1537456217033,
    "duration": 329,
    "pid": 15156,
    "index": 0
  },
  {
    "name": "Load Plugin",
    "start": 1537456216708,
    "end": 1537456216726,
    "duration": 18,
    "pid": 15156,
    "index": 1
  },
  {
    "name": "Load Config",
    "start": 1537456216726,
    "end": 1537456216745,
    "duration": 19,
    "pid": 15156,
    "index": 2
  },
  {
    "name": "Require(0) config/config.default.js",
    "start": 1537456216727,
    "end": 1537456216727,
    "duration": 0,
    "pid": 15156,
    "index": 3
  },
  {
    "name": "Require(1) node_modules/egg-session/config/config.default.js",
    "start": 1537456216728,
    "end": 1537456216729,
    "duration": 1,
    "pid": 15156,
    "index": 4
  },
  {
    "name": "Require(2) node_modules/egg-security/config/config.default.js",
    "start": 1537456216729,
    "end": 1537456216729,
    "duration": 0,
    "pid": 15156,
    "index": 5
  },
  {
    "name": "Require(3) node_modules/egg-jsonp/config/config.default.js",
    "start": 1537456216730,
    "end": 1537456216731,
    "duration": 1,
    "pid": 15156,
    "index": 6
  },
  {
    "name": "Require(4) node_modules/egg-onerror/config/config.default.js",
    "start": 1537456216731,
    "end": 1537456216731,
    "duration": 0,
    "pid": 15156,
    "index": 7
  },
  {
    "name": "Require(5) node_modules/egg-i18n/config/config.default.js",
    "start": 1537456216732,
    "end": 1537456216732,
    "duration": 0,
    "pid": 15156,
    "index": 8
  },
  {
    "name": "Require(6) node_modules/egg-watcher/config/config.default.js",
    "start": 1537456216733,
    "end": 1537456216733,
    "duration": 0,
    "pid": 15156,
    "index": 9
  },
  {
    "name": "Require(7) node_modules/egg-multipart/config/config.default.js",
    "start": 1537456216733,
    "end": 1537456216734,
    "duration": 1,
    "pid": 15156,
    "index": 10
  },
  {
    "name": "Require(8) node_modules/egg-development/config/config.default.js",
    "start": 1537456216734,
    "end": 1537456216734,
    "duration": 0,
    "pid": 15156,
    "index": 11
  },
  {
    "name": "Require(9) node_modules/egg-schedule/config/config.default.js",
    "start": 1537456216735,
    "end": 1537456216735,
    "duration": 0,
    "pid": 15156,
    "index": 12
  },
  {
    "name": "Require(10) node_modules/egg-logrotator/config/config.default.js",
    "start": 1537456216736,
    "end": 1537456216736,
    "duration": 0,
    "pid": 15156,
    "index": 13
  },
  {
    "name": "Require(11) node_modules/egg-static/config/config.default.js",
    "start": 1537456216736,
    "end": 1537456216737,
    "duration": 1,
    "pid": 15156,
    "index": 14
  },
  {
    "name": "Require(12) node_modules/egg-view/config/config.default.js",
    "start": 1537456216737,
    "end": 1537456216737,
    "duration": 0,
    "pid": 15156,
    "index": 15
  },
  {
    "name": "Require(13) node_modules/egg-view-ejs/config/config.default.js",
    "start": 1537456216738,
    "end": 1537456216738,
    "duration": 0,
    "pid": 15156,
    "index": 16
  },
  {
    "name": "Require(14) node_modules/egg/config/config.default.js",
    "start": 1537456216739,
    "end": 1537456216739,
    "duration": 0,
    "pid": 15156,
    "index": 17
  },
  {
    "name": "Require(15) config/config.default.js",
    "start": 1537456216740,
    "end": 1537456216740,
    "duration": 0,
    "pid": 15156,
    "index": 18
  },
  {
    "name": "Require(16) node_modules/egg-security/config/config.local.js",
    "start": 1537456216741,
    "end": 1537456216741,
    "duration": 0,
    "pid": 15156,
    "index": 19
  },
  {
    "name": "Require(17) node_modules/egg-watcher/config/config.local.js",
    "start": 1537456216742,
    "end": 1537456216742,
    "duration": 0,
    "pid": 15156,
    "index": 20
  },
  {
    "name": "Require(18) node_modules/egg-view/config/config.local.js",
    "start": 1537456216744,
    "end": 1537456216744,
    "duration": 0,
    "pid": 15156,
    "index": 21
  },
  {
    "name": "Require(19) node_modules/egg-view-ejs/config/config.local.js",
    "start": 1537456216744,
    "end": 1537456216744,
    "duration": 0,
    "pid": 15156,
    "index": 22
  },
  {
    "name": "Require(20) node_modules/egg/config/config.local.js",
    "start": 1537456216745,
    "end": 1537456216745,
    "duration": 0,
    "pid": 15156,
    "index": 23
  },
  {
    "name": "Load extend/application.js",
    "start": 1537456216746,
    "end": 1537456216762,
    "duration": 16,
    "pid": 15156,
    "index": 24
  },
  {
    "name": "Require(21) node_modules/egg-session/app/extend/application.js",
    "start": 1537456216747,
    "end": 1537456216747,
    "duration": 0,
    "pid": 15156,
    "index": 25
  },
  {
    "name": "Require(22) node_modules/egg-security/app/extend/application.js",
    "start": 1537456216748,
    "end": 1537456216748,
    "duration": 0,
    "pid": 15156,
    "index": 26
  },
  {
    "name": "Require(23) node_modules/egg-jsonp/app/extend/application.js",
    "start": 1537456216749,
    "end": 1537456216750,
    "duration": 1,
    "pid": 15156,
    "index": 27
  },
  {
    "name": "Require(24) node_modules/egg-logrotator/app/extend/application.js",
    "start": 1537456216752,
    "end": 1537456216757,
    "duration": 5,
    "pid": 15156,
    "index": 28
  },
  {
    "name": "Require(25) node_modules/egg-view/app/extend/application.js",
    "start": 1537456216758,
    "end": 1537456216759,
    "duration": 1,
    "pid": 15156,
    "index": 29
  },
  {
    "name": "Load extend/request.js",
    "start": 1537456216762,
    "end": 1537456216769,
    "duration": 7,
    "pid": 15156,
    "index": 30
  },
  {
    "name": "Require(26) node_modules/egg/app/extend/request.js",
    "start": 1537456216765,
    "end": 1537456216766,
    "duration": 1,
    "pid": 15156,
    "index": 31
  },
  {
    "name": "Load extend/response.js",
    "start": 1537456216769,
    "end": 1537456216775,
    "duration": 6,
    "pid": 15156,
    "index": 32
  },
  {
    "name": "Require(27) node_modules/egg/app/extend/response.js",
    "start": 1537456216772,
    "end": 1537456216772,
    "duration": 0,
    "pid": 15156,
    "index": 33
  },
  {
    "name": "Load extend/context.js",
    "start": 1537456216775,
    "end": 1537456216836,
    "duration": 61,
    "pid": 15156,
    "index": 34
  },
  {
    "name": "Require(28) node_modules/egg-security/app/extend/context.js",
    "start": 1537456216776,
    "end": 1537456216789,
    "duration": 13,
    "pid": 15156,
    "index": 35
  },
  {
    "name": "Require(29) node_modules/egg-jsonp/app/extend/context.js",
    "start": 1537456216790,
    "end": 1537456216791,
    "duration": 1,
    "pid": 15156,
    "index": 36
  },
  {
    "name": "Require(30) node_modules/egg-i18n/app/extend/context.js",
    "start": 1537456216791,
    "end": 1537456216792,
    "duration": 1,
    "pid": 15156,
    "index": 37
  },
  {
    "name": "Require(31) node_modules/egg-multipart/app/extend/context.js",
    "start": 1537456216792,
    "end": 1537456216830,
    "duration": 38,
    "pid": 15156,
    "index": 38
  },
  {
    "name": "Require(32) node_modules/egg-view/app/extend/context.js",
    "start": 1537456216831,
    "end": 1537456216832,
    "duration": 1,
    "pid": 15156,
    "index": 39
  },
  {
    "name": "Require(33) node_modules/egg/app/extend/context.js",
    "start": 1537456216832,
    "end": 1537456216833,
    "duration": 1,
    "pid": 15156,
    "index": 40
  },
  {
    "name": "Load extend/helper.js",
    "start": 1537456216836,
    "end": 1537456216855,
    "duration": 19,
    "pid": 15156,
    "index": 41
  },
  {
    "name": "Require(34) node_modules/egg-security/app/extend/helper.js",
    "start": 1537456216836,
    "end": 1537456216850,
    "duration": 14,
    "pid": 15156,
    "index": 42
  },
  {
    "name": "Require(35) node_modules/egg/app/extend/helper.js",
    "start": 1537456216852,
    "end": 1537456216852,
    "duration": 0,
    "pid": 15156,
    "index": 43
  },
  {
    "name": "Load boot/app.js",
    "start": 1537456216855,
    "end": 1537456216890,
    "duration": 35,
    "pid": 15156,
    "index": 44
  },
  {
    "name": "Require(36) node_modules/egg-session/app.js",
    "start": 1537456216856,
    "end": 1537456216856,
    "duration": 0,
    "pid": 15156,
    "index": 45
  },
  {
    "name": "Require(37) node_modules/egg-security/app.js",
    "start": 1537456216856,
    "end": 1537456216857,
    "duration": 1,
    "pid": 15156,
    "index": 46
  },
  {
    "name": "Require(38) node_modules/egg-onerror/app.js",
    "start": 1537456216858,
    "end": 1537456216866,
    "duration": 8,
    "pid": 15156,
    "index": 47
  },
  {
    "name": "Require(39) node_modules/egg-i18n/app.js",
    "start": 1537456216866,
    "end": 1537456216879,
    "duration": 13,
    "pid": 15156,
    "index": 48
  },
  {
    "name": "Require(40) node_modules/egg-watcher/app.js",
    "start": 1537456216879,
    "end": 1537456216882,
    "duration": 3,
    "pid": 15156,
    "index": 49
  },
  {
    "name": "Require(41) node_modules/egg-multipart/app.js",
    "start": 1537456216882,
    "end": 1537456216885,
    "duration": 3,
    "pid": 15156,
    "index": 50
  },
  {
    "name": "Require(42) node_modules/egg-development/app.js",
    "start": 1537456216885,
    "end": 1537456216885,
    "duration": 0,
    "pid": 15156,
    "index": 51
  },
  {
    "name": "Require(43) node_modules/egg-schedule/app.js",
    "start": 1537456216886,
    "end": 1537456216887,
    "duration": 1,
    "pid": 15156,
    "index": 52
  },
  {
    "name": "Require(44) node_modules/egg-logrotator/app.js",
    "start": 1537456216887,
    "end": 1537456216887,
    "duration": 0,
    "pid": 15156,
    "index": 53
  },
  {
    "name": "Require(45) node_modules/egg-static/app.js",
    "start": 1537456216888,
    "end": 1537456216888,
    "duration": 0,
    "pid": 15156,
    "index": 54
  },
  {
    "name": "Require(46) node_modules/egg-view-ejs/app.js",
    "start": 1537456216889,
    "end": 1537456216889,
    "duration": 0,
    "pid": 15156,
    "index": 55
  },
  {
    "name": "Load app.js",
    "start": 1537456216890,
    "end": 1537456216933,
    "duration": 43,
    "pid": 15156,
    "index": 56
  },
  {
    "name": "Require(47) node_modules/egg-session/app.js",
    "start": 1537456216890,
    "end": 1537456216890,
    "duration": 0,
    "pid": 15156,
    "index": 57
  },
  {
    "name": "Require(48) node_modules/egg-security/app.js",
    "start": 1537456216890,
    "end": 1537456216890,
    "duration": 0,
    "pid": 15156,
    "index": 58
  },
  {
    "name": "Require(49) node_modules/egg-onerror/app.js",
    "start": 1537456216891,
    "end": 1537456216891,
    "duration": 0,
    "pid": 15156,
    "index": 59
  },
  {
    "name": "Require(50) node_modules/egg-i18n/app.js",
    "start": 1537456216892,
    "end": 1537456216892,
    "duration": 0,
    "pid": 15156,
    "index": 60
  },
  {
    "name": "Require(51) node_modules/egg-watcher/app.js",
    "start": 1537456216894,
    "end": 1537456216894,
    "duration": 0,
    "pid": 15156,
    "index": 61
  },
  {
    "name": "Before Start in node_modules/egg-watcher/app.js:15:7",
    "start": 1537456216900,
    "end": 1537456217033,
    "duration": 133,
    "pid": 15156,
    "index": 62
  },
  {
    "name": "Require(52) node_modules/egg-multipart/app.js",
    "start": 1537456216901,
    "end": 1537456216901,
    "duration": 0,
    "pid": 15156,
    "index": 63
  },
  {
    "name": "Require(53) node_modules/egg-development/app.js",
    "start": 1537456216901,
    "end": 1537456216902,
    "duration": 1,
    "pid": 15156,
    "index": 64
  },
  {
    "name": "Require(54) node_modules/egg-schedule/app.js",
    "start": 1537456216902,
    "end": 1537456216902,
    "duration": 0,
    "pid": 15156,
    "index": 65
  },
  {
    "name": "Require(55) node_modules/egg-logrotator/app.js",
    "start": 1537456216928,
    "end": 1537456216928,
    "duration": 0,
    "pid": 15156,
    "index": 66
  },
  {
    "name": "Require(56) node_modules/egg-static/app.js",
    "start": 1537456216928,
    "end": 1537456216928,
    "duration": 0,
    "pid": 15156,
    "index": 67
  },
  {
    "name": "Require(57) node_modules/egg-view-ejs/app.js",
    "start": 1537456216929,
    "end": 1537456216929,
    "duration": 0,
    "pid": 15156,
    "index": 68
  },
  {
    "name": "Load Service",
    "start": 1537456216933,
    "end": 1537456216937,
    "duration": 4,
    "pid": 15156,
    "index": 69
  },
  {
    "name": "Load \"service\" to Context",
    "start": 1537456216933,
    "end": 1537456216937,
    "duration": 4,
    "pid": 15156,
    "index": 70
  },
  {
    "name": "Load Middleware",
    "start": 1537456216938,
    "end": 1537456217014,
    "duration": 76,
    "pid": 15156,
    "index": 71
  },
  {
    "name": "Load \"middlewares\" to Application",
    "start": 1537456216938,
    "end": 1537456217005,
    "duration": 67,
    "pid": 15156,
    "index": 72
  },
  {
    "name": "Load Controller",
    "start": 1537456217014,
    "end": 1537456217017,
    "duration": 3,
    "pid": 15156,
    "index": 73
  },
  {
    "name": "Load \"controller\" to Application",
    "start": 1537456217014,
    "end": 1537456217017,
    "duration": 3,
    "pid": 15156,
    "index": 74
  },
  {
    "name": "Load Router",
    "start": 1537456217017,
    "end": 1537456217019,
    "duration": 2,
    "pid": 15156,
    "index": 75
  },
  {
    "name": "Require(58) app/router.js",
    "start": 1537456217017,
    "end": 1537456217017,
    "duration": 0,
    "pid": 15156,
    "index": 76
  },
  {
    "name": "Before Start in node_modules/egg-core/lib/egg.js:287:10",
    "start": 1537456217018,
    "end": 1537456217025,
    "duration": 7,
    "pid": 15156,
    "index": 77
  }
]